Type,Subtype,SBS89_GRCh37
C>A,ACA,0.032170074
C>A,ACC,0.017694399
C>A,ACG,0.009671201
C>A,ACT,0.020744606
C>G,ACA,0.014817731
C>G,ACC,0.005883436
C>G,ACG,0.006050791
C>G,ACT,0.010901099
C>T,ACA,4.99E-02
C>T,ACC,0.013522329
C>T,ACG,0.00610586
C>T,ACT,0.029637651
T>A,ATA,0.011516694
T>A,ATC,0.003067791
T>A,ATG,0.010670972
T>A,ATT,0.004448656
T>C,ATA,0.015782903
T>C,ATC,0.003453526
T>C,ATG,0.014690948
T>C,ATT,0.011812536
T>G,ATA,0.005238019
T>G,ATC,0.001300291
T>G,ATG,0.005110607
T>G,ATT,0.003994368
C>A,CCA,0.024672405
C>A,CCC,0.014515013
C>A,CCG,3.29E-03
C>A,CCT,0.016734333
C>G,CCA,0.015426014
C>G,CCC,0.010618899
C>G,CCG,4.17E-03
C>G,CCT,0.015834219
C>T,CCA,0.009444573
C>T,CCC,0.011559414
C>T,CCG,0.002333908
C>T,CCT,0.012886759
T>A,CTA,0.031554056
T>A,CTC,0.017710427
T>A,CTG,0.036875993
T>A,CTT,0.019948434
T>C,CTA,0.004889808
T>C,CTC,0.004216079
T>C,CTG,0.008097854
T>C,CTT,0.004313891
T>G,CTA,0.006903279
T>G,CTC,0.003219941
T>G,CTG,0.009030453
T>G,CTT,4.18E-03
C>A,GCA,0.006782252
C>A,GCC,0.006025934
C>A,GCG,1.68E-03
C>A,GCT,0.007237482
C>G,GCA,0.006522235
C>G,GCC,0.004590588
C>G,GCG,2.08E-03
C>G,GCT,0.005716784
C>T,GCA,0.006853953
C>T,GCC,0.008529583
C>T,GCG,1.88E-03
C>T,GCT,0.009226201
T>A,GTA,0.005810674
T>A,GTC,0.002521298
T>A,GTG,0.009132768
T>A,GTT,0.003875043
T>C,GTA,5.05E-03
T>C,GTC,0.001644937
T>C,GTG,7.26E-03
T>C,GTT,0.004059424
T>G,GTA,0.012761707
T>G,GTC,0.001270212
T>G,GTG,0.048484717
T>G,GTT,3.77E-03
C>A,TCA,0.015740613
C>A,TCC,0.016785411
C>A,TCG,1.95E-03
C>A,TCT,0.018714638
C>G,TCA,0.022472505
C>G,TCC,0.016591682
C>G,TCG,3.64E-03
C>G,TCT,0.026081067
C>T,TCA,9.47E-03
C>T,TCC,0.010544489
C>T,TCG,0.002440796
C>T,TCT,0.009482596
T>A,TTA,7.09E-03
T>A,TTC,0.00316483
T>A,TTG,0.010062997
T>A,TTT,0.006350791
T>C,TTA,0.007517297
T>C,TTC,0.002556933
T>C,TTG,0.008690888
T>C,TTT,6.79E-03
T>G,TTA,0.006865772
T>G,TTC,0.002929125
T>G,TTG,0.005037457
T>G,TTT,5.69E-03