Type,Subtype,SBS85_GRCh37
C>A,ACA,0.006080257
C>A,ACC,0.000879937
C>A,ACG,0.000306011
C>A,ACT,0.002717279
C>G,ACA,0.007234927
C>G,ACC,0.002551355
C>G,ACG,0.000422197
C>G,ACT,0.013019761
C>T,ACA,0.001374781
C>T,ACC,0.001478442
C>T,ACG,0.000443776
C>T,ACT,0.004563583
T>A,ATA,0.111858717
T>A,ATC,0.013051253
T>A,ATG,0.021107256
T>A,ATT,0.070288409
T>C,ATA,0.029567021
T>C,ATC,0.020410486
T>C,ATG,0.00507094
T>C,ATT,0.05923408
T>G,ATA,0.023838222
T>G,ATC,0.00343492
T>G,ATG,0.004485501
T>G,ATT,0.003178596
C>A,CCA,0.004264235
C>A,CCC,0.000306235
C>A,CCG,0.000157257
C>A,CCT,0.000860851
C>G,CCA,0.001223945
C>G,CCC,0.000210179
C>G,CCG,4.02E-05
C>G,CCT,0.000484084
C>T,CCA,0.001636999
C>T,CCC,0.000369373
C>T,CCG,2.41E-05
C>T,CCT,0.002350306
T>A,CTA,0.00989632
T>A,CTC,0.001136017
T>A,CTG,0.000178583
T>A,CTT,0.010551155
T>C,CTA,0.007184034
T>C,CTC,0.006209066
T>C,CTG,0.000839952
T>C,CTT,0.01691314
T>G,CTA,0.003736475
T>G,CTC,0.00247817
T>G,CTG,0.001120299
T>G,CTT,0.00175687
C>A,GCA,0.001439703
C>A,GCC,0.000504268
C>A,GCG,0.000362283
C>A,GCT,0.000762947
C>G,GCA,0.001595924
C>G,GCC,0.005060362
C>G,GCG,2.68E-05
C>G,GCT,0.003186104
C>T,GCA,0.000887033
C>T,GCC,0.000484366
C>T,GCG,0.000116424
C>T,GCT,0.004167105
T>A,GTA,0.017239233
T>A,GTC,0.001005109
T>A,GTG,0.003520166
T>A,GTT,0.011658501
T>C,GTA,0.021590707
T>C,GTC,0.011606135
T>C,GTG,0.006462688
T>C,GTT,0.054089001
T>G,GTA,0.007699624
T>G,GTC,0.000800068
T>G,GTG,0.001946514
T>G,GTT,0.002927906
C>A,TCA,0.001944387
C>A,TCC,0.000169428
C>A,TCG,3.99E-09
C>A,TCT,0.002057492
C>G,TCA,0.000947995
C>G,TCC,0.001869405
C>G,TCG,0.000169997
C>G,TCT,0.006244143
C>T,TCA,0.003823611
C>T,TCC,0.002998121
C>T,TCG,0.000157959
C>T,TCT,0.03865089
T>A,TTA,0.060179902
T>A,TTC,0.007794895
T>A,TTG,0.0067334
T>A,TTT,0.06279828
T>C,TTA,0.012963549
T>C,TTC,0.023324448
T>C,TTG,0.003823535
T>C,TTT,0.094054377
T>G,TTA,0.007106411
T>G,TTC,0.006404454
T>G,TTG,0.00341
T>G,TTT,0.012708762
,,