Type,Subtype,SBS87_GRCh37
C>A,ACA,0.0089726
C>A,ACC,0.0045726
C>A,ACG,0.0062086
C>A,ACT,0.0049575
C>G,ACA,0.0078665
C>G,ACC,0.003934
C>G,ACG,0.030662
C>G,ACT,0.0097204
C>T,ACA,0.0094251
C>T,ACC,0.0035556
C>T,ACG,0.12172
C>T,ACT,0.010702
T>A,ATA,0.0098971
T>A,ATC,0.00069453
T>A,ATG,0.0038434
T>A,ATT,0.0042062
T>C,ATA,0.0092151
T>C,ATC,0.003119
T>C,ATG,0.00097322
T>C,ATT,0.0055756
T>G,ATA,0.0079551
T>G,ATC,0.00067342
T>G,ATG,0.0026878
T>G,ATT,0.002174
C>A,CCA,0.0085575
C>A,CCC,0.0060404
C>A,CCG,0.020007
C>A,CCT,0.0048856
C>G,CCA,0.0067657
C>G,CCC,0.0033392
C>G,CCG,0.085985
C>G,CCT,0.0096107
C>T,CCA,0.0083832
C>T,CCC,0.0080453
C>T,CCG,0.1869
C>T,CCT,0.0069621
T>A,CTA,0.0083522
T>A,CTC,0.0049109
T>A,CTG,0.0027673
T>A,CTT,0.010192
T>C,CTA,0.005122
T>C,CTC,0.001834
T>C,CTG,0.0008361
T>C,CTT,0.0088572
T>G,CTA,0.0085154
T>G,CTC,0.0010839
T>G,CTG,0.001959
T>G,CTT,0.0030822
C>A,GCA,0.0071028
C>A,GCC,0.004666
C>A,GCG,0.0082879
C>A,GCT,0.0010675
C>G,GCA,0.0026176
C>G,GCC,0.0011983
C>G,GCG,0.0054555
C>G,GCT,0.0044992
C>T,GCA,0.0018817
C>T,GCC,0.0026181
C>T,GCG,0.017709
C>T,GCT,0.0014464
T>A,GTA,0.0094017
T>A,GTC,0.003399
T>A,GTG,0.0068106
T>A,GTT,0.0069555
T>C,GTA,0.0030096
T>C,GTC,0.0038948
T>C,GTG,0.0039618
T>C,GTT,0.006541
T>G,GTA,0.003528
T>G,GTC,0.0012387
T>G,GTG,0.0032365
T>G,GTT,0.0024606
C>A,TCA,0.0040055
C>A,TCC,0.004179
C>A,TCG,0.0031723
C>A,TCT,0.0041338
C>G,TCA,0.00063954
C>G,TCC,0.0028412
C>G,TCG,0.026117
C>G,TCT,0.012631
C>T,TCA,8.72E-06
C>T,TCC,0.0061753
C>T,TCG,0.059556
C>T,TCT,0.010948
T>A,TTA,0.0082797
T>A,TTC,0.0037226
T>A,TTG,0.0048663
T>A,TTT,0.0052608
T>C,TTA,0.009769
T>C,TTC,0.0071589
T>C,TTG,0.0017113
T>C,TTT,0.0065878
T>G,TTA,0.0082045
T>G,TTC,0.0024973
T>G,TTG,0.001996
T>G,TTT,0.0062508