Type,Subtype,SBS88_GRCh37
C>A,ACA,0
C>A,ACC,0
C>A,ACG,0
C>A,ACT,0.001731102
C>G,ACA,0
C>G,ACC,0.004039238
C>G,ACG,0
C>G,ACT,0.004039238
C>T,ACA,0.010386613
C>T,ACC,0
C>T,ACG,0.012694749
C>T,ACT,0
T>A,ATA,0.047893826
T>A,ATC,0.023658396
T>A,ATG,0.000577034
T>A,ATT,0.042700519
T>C,ATA,0.111367571
T>C,ATC,0.04558569
T>C,ATG,0.006347374
T>C,ATT,0.169648009
T>G,ATA,0.008078477
T>G,ATC,0.005193306
T>G,ATG,0.002308136
T>G,ATT,0.007501443
C>A,CCA,0
C>A,CCC,0
C>A,CCG,0
C>A,CCT,0
C>G,CCA,0.004616272
C>G,CCC,0.001154068
C>G,CCG,0
C>G,CCT,0.00288517
C>T,CCA,0
C>T,CCC,0
C>T,CCG,0
C>T,CCT,0.004039238
T>A,CTA,0
T>A,CTC,0.003462204
T>A,CTG,0
T>A,CTT,0
T>C,CTA,0
T>C,CTC,0.001731102
T>C,CTG,0
T>C,CTT,0
T>G,CTA,0
T>G,CTC,0.002308136
T>G,CTG,0.002308136
T>G,CTT,0
C>A,GCA,0.008655511
C>A,GCC,0
C>A,GCG,0.000577034
C>A,GCT,0.003462204
C>G,GCA,0
C>G,GCC,0.001731102
C>G,GCG,0.000577034
C>G,GCT,0.006924409
C>T,GCA,0.000577034
C>T,GCC,0
C>T,GCG,0.006347374
C>T,GCT,0.003462204
T>A,GTA,0
T>A,GTC,0.005193306
T>A,GTG,0.00288517
T>A,GTT,0.015002885
T>C,GTA,0
T>C,GTC,0.003462204
T>C,GTG,0.000577034
T>C,GTT,0.013271783
T>G,GTA,0
T>G,GTC,0.001731102
T>G,GTG,0.00288517
T>G,GTT,0.013271783
C>A,TCA,0
C>A,TCC,0.002308136
C>A,TCG,0.000577034
C>A,TCT,0.010386613
C>G,TCA,0
C>G,TCC,0
C>G,TCG,0.000577034
C>G,TCT,0.004039238
C>T,TCA,0
C>T,TCC,0
C>T,TCG,0.009232545
C>T,TCT,0
T>A,TTA,0.02135026
T>A,TTC,0
T>A,TTG,0.004039238
T>A,TTT,0.074437392
T>C,TTA,0.004039238
T>C,TTC,0.002308136
T>C,TTG,0
T>C,TTT,0.096364686
T>G,TTA,0.030582804
T>G,TTC,0.020773226
T>G,TTG,0
T>G,TTT,0.102135026