Type,Subtype,SBS90_GRCh37
C>A,ACA,0.002201592
C>A,ACC,0.000708204
C>A,ACG,0.000138562
C>A,ACT,0.001755115
C>G,ACA,0.00050806
C>G,ACC,0.000277123
C>G,ACG,0.0000462
C>G,ACT,0.000923745
C>T,ACA,7.08E-04
C>T,ACC,0.000292519
C>T,ACG,0.0000924
C>T,ACT,0.000646621
T>A,ATA,0.061352055
T>A,ATC,0.000354102
T>A,ATG,0.000354102
T>A,ATT,0.023463119
T>C,ATA,0.005711822
T>C,ATC,0.000184749
T>C,ATG,0.00010777
T>C,ATT,0.002863609
T>G,ATA,0.005434699
T>G,ATC,0.0000462
T>G,ATG,0.000230936
T>G,ATT,0.002047634
C>A,CCA,0.001185473
C>A,CCC,0.000446477
C>A,CCG,2.16E-04
C>A,CCT,0.001016119
C>G,CCA,0.000338706
C>G,CCC,0.000077
C>G,CCG,1.54E-05
C>G,CCT,0.000292519
C>T,CCA,0.00061583
C>T,CCC,0.000307915
C>T,CCG,0.000200145
C>T,CCT,0.000369498
T>A,CTA,0.102058411
T>A,CTC,0.000354102
T>A,CTG,0.000369498
T>A,CTT,0.100518837
T>C,CTA,0.004772682
T>C,CTC,0.00021554
T>C,CTG,0.000200145
T>C,CTT,0.006358444
T>G,CTA,0.008944929
T>G,CTC,0.0000462
T>G,CTG,0.000123166
T>G,CTT,9.70E-03
C>A,GCA,0.000969932
C>A,GCC,0.000415685
C>A,GCG,1.23E-04
C>A,GCT,0.000400289
C>G,GCA,0.000431081
C>G,GCC,0.000292519
C>G,GCG,4.62E-05
C>G,GCT,0.000261728
C>T,GCA,0.000446477
C>T,GCC,0.000323311
C>T,GCG,1.69E-04
C>T,GCT,0.00050806
T>A,GTA,0.038966637
T>A,GTC,0.000169353
T>A,GTG,0.000153957
T>A,GTT,0.016627408
T>C,GTA,3.28E-03
T>C,GTC,0.0000924
T>C,GTG,7.70E-05
T>C,GTT,0.001324034
T>G,GTA,0.006358444
T>G,GTC,0.0000462
T>G,GTG,0.000230936
T>G,GTT,2.88E-03
C>A,TCA,0.002016843
C>A,TCC,0.000785183
C>A,TCG,7.70E-05
C>A,TCT,0.0014472
C>G,TCA,0.000646621
C>G,TCC,0.000323311
C>G,TCG,6.16E-05
C>G,TCT,0.001431805
C>T,TCA,2.11E-03
C>T,TCC,0.000985328
C>T,TCG,0.000292519
C>T,TCT,0.002771235
T>A,TTA,3.57E-01
T>A,TTC,0.000877558
T>A,TTG,0.000600434
T>A,TTT,0.16267147
T>C,TTA,0.010115006
T>C,TTC,0.000446477
T>C,TTG,0.000138562
T>C,TTT,4.00E-03
T>G,TTA,0.018582667
T>G,TTC,0.000184749
T>G,TTG,0.000292519
T>G,TTT,8.33E-03