Type,Subtype,SBS86_GRCh37
C>A,ACA,0.0029543
C>A,ACC,0.0037745
C>A,ACG,0.00038549
C>A,ACT,0.003624
C>G,ACA,0.052516
C>G,ACC,0.078321
C>G,ACG,0.0049653
C>G,ACT,0.092082
C>T,ACA,0.0087243
C>T,ACC,0.0020495
C>T,ACG,0.024091
C>T,ACT,0.0045751
T>A,ATA,0.0018477
T>A,ATC,0.0037999
T>A,ATG,0.0019941
T>A,ATT,0.0072584
T>C,ATA,0.0036108
T>C,ATC,0.0020644
T>C,ATG,0.0035218
T>C,ATT,0.0044687
T>G,ATA,0.0047811
T>G,ATC,7.31E-05
T>G,ATG,0.001722
T>G,ATT,0.0011285
C>A,CCA,0.0061161
C>A,CCC,0.0031517
C>A,CCG,0.00055412
C>A,CCT,0.0033146
C>G,CCA,0.021218
C>G,CCC,0.059117
C>G,CCG,0.003156
C>G,CCT,0.040233
C>T,CCA,0.0035426
C>T,CCC,0.0048405
C>T,CCG,0.0059148
C>T,CCT,0.0023584
T>A,CTA,0.002118
T>A,CTC,0.00050799
T>A,CTG,0.0026232
T>A,CTT,0.0033341
T>C,CTA,0.001284
T>C,CTC,0.0029519
T>C,CTG,0.00055781
T>C,CTT,0.0017926
T>G,CTA,0.0040717
T>G,CTC,0.00016409
T>G,CTG,0.0017689
T>G,CTT,0.0024213
C>A,GCA,0.0048425
C>A,GCC,0.0036291
C>A,GCG,0.00022304
C>A,GCT,0.0083706
C>G,GCA,0.0055588
C>G,GCC,0.10934
C>G,GCG,0.0007638
C>G,GCT,0.012454
C>T,GCA,0.0045336
C>T,GCC,0.0033743
C>T,GCG,0.007972
C>T,GCT,0.007136
T>A,GTA,0.0012592
T>A,GTC,0.0003565
T>A,GTG,0.0030619
T>A,GTT,0.0026403
T>C,GTA,0.0044483
T>C,GTC,0.0068604
T>C,GTG,0.0026807
T>C,GTT,0.0085499
T>G,GTA,0.0013954
T>G,GTC,0.00068724
T>G,GTG,0.00045448
T>G,GTT,0.0022079
C>A,TCA,0.0085617
C>A,TCC,0.0039486
C>A,TCG,0.0010775
C>A,TCT,0.0090827
C>G,TCA,0.042225
C>G,TCC,0.047387
C>G,TCG,0.0046359
C>G,TCT,0.11084
C>T,TCA,0.0085897
C>T,TCC,0.0081219
C>T,TCG,0.013691
C>T,TCT,0.012985
T>A,TTA,0.0039223
T>A,TTC,0.0017123
T>A,TTG,0.0013925
T>A,TTT,0.0023653
T>C,TTA,0.0015339
T>C,TTC,0.001995
T>C,TTG,0.0018459
T>C,TTT,0.0034393
T>G,TTA,0.0071355
T>G,TTC,0.0023685
T>G,TTG,0.0020107
T>G,TTT,0.0048872