Type,Subtype,SBS84_GRCh37
C>A,ACA,0.003471995
C>A,ACC,0.005007309
C>A,ACG,0.000452642
C>A,ACT,0.009295948
C>G,ACA,0.006758077
C>G,ACC,0.010811957
C>G,ACG,4.60E-05
C>G,ACT,0.029594216
C>T,ACA,0.053885769
C>T,ACC,0.042106832
C>T,ACG,0.002540673
C>T,ACT,0.054345874
T>A,ATA,0.001562339
T>A,ATC,0.000397461
T>A,ATG,7.08E-05
T>A,ATT,0.010652828
T>C,ATA,0
T>C,ATC,0.000323133
T>C,ATG,1.15E-05
T>C,ATT,0.00938216
T>G,ATA,0.000127138
T>G,ATC,0.001270956
T>G,ATG,0.000952699
T>G,ATT,0.001764976
C>A,CCA,0
C>A,CCC,0.005218572
C>A,CCG,6.92E-05
C>A,CCT,0.005640381
C>G,CCA,7.12E-06
C>G,CCC,0.003440786
C>G,CCG,2.20E-06
C>G,CCT,0.013308249
C>T,CCA,0.01802813
C>T,CCC,0.040621303
C>T,CCG,0
C>T,CCT,0.042237295
T>A,CTA,0.00013655
T>A,CTC,0
T>A,CTG,0.000125176
T>A,CTT,0
T>C,CTA,0.002269666
T>C,CTC,3.25E-06
T>C,CTG,0.003628315
T>C,CTT,0.000918582
T>G,CTA,0.000897193
T>G,CTC,0.002148873
T>G,CTG,0.000788671
T>G,CTT,0
C>A,GCA,0.002703472
C>A,GCC,0.010228859
C>A,GCG,0.000763601
C>A,GCT,0.010179166
C>G,GCA,0.01115106
C>G,GCC,0.015758342
C>G,GCG,0.001697967
C>G,GCT,0.076057561
C>T,GCA,0.089177561
C>T,GCC,0.111629551
C>T,GCG,0.009223925
C>T,GCT,0.180440456
T>A,GTA,0.001098639
T>A,GTC,6.56E-05
T>A,GTG,0.000337381
T>A,GTT,0.000135757
T>C,GTA,0
T>C,GTC,0.000865945
T>C,GTG,0.000197907
T>C,GTT,0.003662473
T>G,GTA,1.89E-05
T>G,GTC,0.001229436
T>G,GTG,0.000212751
T>G,GTT,0.001340079
C>A,TCA,0.002083564
C>A,TCC,9.06E-06
C>A,TCG,0
C>A,TCT,0.001203779
C>G,TCA,0
C>G,TCC,0.000113943
C>G,TCG,7.21E-07
C>G,TCT,0.004953383
C>T,TCA,7.08E-05
C>T,TCC,0.026909334
C>T,TCG,6.92E-06
C>T,TCT,0.016839669
T>A,TTA,0.006569907
T>A,TTC,0.000864507
T>A,TTG,0.000784032
T>A,TTT,0.007059956
T>C,TTA,0.000432939
T>C,TTC,0.000538465
T>C,TTG,2.24E-05
T>C,TTT,0.009820764
T>G,TTA,0.001875698
T>G,TTC,0.000737917
T>G,TTG,0
T>G,TTT,0.006603134